title,year,authors,citations,abstract
Allopathic medicine practitioners’ experiences with non-disclosure of traditional medicine use,2024,"L. Gumede, P. B. Nkosi, M. Sibiya",2,"Background A pertinent issue impacting patient treatment outcomes is the nondisclosure of traditional medicine (TM) use to Allopathic medicine practitioners (AMPs). For years, TM has been a controvers"
Therapeutic Efficacy of Medicinal Plants with Allopathic Medicine in Musculoskeletal Diseases,2024,"R. Rajalekshmi, Devendra K. Agrawal",6,"Musculoskeletal diseases encompass a diverse array of disorders affecting the muscles, bones, joints, and connective tissues, leading to significant impairments in mobility, function, and quality of l"
How beliefs in traditional healers impact on the use of allopathic medicine: In the case of indigenous snakebite in Eswatini,2021,Sarah Nann,20,Snakebite is a major public health problem in Eswatini and serious envenomations can be responsible for considerable morbidity and mortality if not treated correctly. Antivenom should be administered 
Advantages of Herbal Over Allopathic Medicine in the Management of Kidney and Urinary Stones Disease,2020,"Saurabh Nimesh, V. Ashwlayan, R. Rani",7,Kidney and urinary stone disease (Nephrolithiasis and urolithiasis) are the condition where urinary stones or calculi are formed in the urinary tract. The problem of urinary stones is very ancient; th
How Should Allopathic Physicians Respond to Native American Patients Hesitant About Allopathic Medicine?,2020,"Madison L Esposito, Michelle Kahn-John",5,American Indian (AI) and Indigenous peoples utilize traditional medicine/healing (TM/H) for health and well-being. Allopathic health care practitioners (HCPs) receive minimal training and education on
Frequently Used Allopathic and Traditional Medicine for COVID-19 Treatment and Feasibility of Their Integration,2022,"A. Upadhayay, Gopal Patel, D. Pal",11,"To date, no satisfactory treatment for COVID-19 is available. This review reported few recent updates regarding the drugs (allopathy/traditional medicines) used for the treatment of COVID-19 concernin"
A Randomized Clinical Trial on Treatment of Chronic Constipation by Traditional Persian Medicine Recommendations Compared to Allopathic Medicine: A Pilot Study,2017,"M. Fattahi, S. M. E. Alorizi, M. Nimrouzi",6,Background: The aim of this study was to compare the efficacy and side effects of lactulose plus traditional Persian medicine with only lactulose on the functional chronic constipation. Methods: Parti
Medical Student Perception of Lifestyle Medicine and Willingness to Engage in Lifestyle Counseling: A Pilot Study of Allopathic and Osteopathic Medical Students,2021,"J. Lee, Imam M. Xierali, P. Jaini",10,Introduction. This study assessed medical students’ perception of lifestyle medicine and readiness to engage in lifestyle counseling. Methods. All medical students in one allopathic and one osteopathi
Use of allopathic and complementary medicine for preventing SARS-CoV-2 infection in Mexican adults: A national survey,2021,"A. J. Ruiz-Padilla, Á. Alonso-Castro, M. Preciado-Puga",11,Background The aim of this study was to assess the frequency of allopathic and complementary medicine use for preventing the infection with SARS-CoV-2 in Mexico. A descriptive and cross-sectional stud
Punjab Healthcare Commission’s Regulation of General Practitioners of Allopathic Medicine,2016,"A. Momina, S. Anwar, E. Tarin",2,"Abstract Background:   Ever since inception, allopathic medicine has increasingly been practiced all over the world including Pakistan. However, a significant proportion of practitioners are unqualifi"
Allopathic (MD) and Osteopathic (DO) Performance on the American Board of Physical Medicine and Rehabilitation Initial Certifying Examinations,2019,"J. Sliwa, Mikaela M Raddatz, C. Kinney",7,Osteopathic physicians (DOs) represent over 30% of residents in allopathic (MD) Accreditation Council for Graduate Medical Education (ACGME) accredited physical medicine and rehabilitation (PM&R) trai
"Pathophysiology of kidney, gallbladder and urinary stones treatment with herbal and allopathic medicine: A review",2013,"S. Alok, Sanjay K. Jain, A. Verma",81,Medicinal plants have been known for millennia and are highly esteemed all over the world as a rich source of therapeutic agents for the prevention of various ailments. Today large number of populatio
"Effectiveness of Homeopathic Medicine Associated with Allopathic Medicine in the Outpatient Management of Influenza-like Illnesses or Ear, Nose, and Throat Disorders by Pharmacists",2013,"Karine Danno, Brigitte Cognet-Dementhon, Geneviève Thevenard",10,"BACKGROUND: Pharmacists play an increasing role in advising on treatment for minor illnesses such as influenza-like illness (ILI) or ear, nose, and throat (ENT) disorders. However, the profile of pati"
Implementation of a Holistic Review Process of US Allopathic Medical Students Eliminates Non-Comparable Metrics and Bias in General Surgery Residency Interview Invitations.,2023,"Samuel H. Lai, A. Suarez-Pierre, Kshama R. Jaiswal",16,"OBJECTIVE
Use of traditional scoring metrics for residency recruitment creates racial and gender bias. In addition, widespread use of pass/fail grading has led to noncomparable data. To adjust to thes"
Allopathic and Osteopathic Residents Perform Similarly on the Orthopedic In-Training Examination (OITE).,2023,"C. Gómez, Rachel A. Ranson, Arianna L. Gianakos",14,"INTRODUCTION
There is a bias in the medical community that allopathic training is superior to osteopathic training, despite the lack of substantiation. The orthopedic in-training examination (OITE) is"
Osteopathic manipulative treatment for the allopathic resident elective: does it change practice after graduation?,2023,"Andrew H. Slattengren, M. Wootten, C. Carlin",7,Abstract Context Osteopathic manipulative treatment (OMT) for the allopathic resident is an elective at the University of Minnesota North Memorial Residency that engages the resident in the basic tena
Introduction to the History and Current Status of Evidence-Based Korean Medicine: A Unique Integrated System of Allopathic and Holistic Medicine,2014,"C. Yin, S. Ko",32,"Objectives. Korean medicine, an integrated allopathic and traditional medicine, has developed unique characteristics and has been active in contributing to evidence-based medicine. Recent developments"
Equal and No Longer Separate: Examining Quality of Care Provided by Osteopathic and Allopathic Physicians,2023,"C. Wray, J. Carmody",2,"In 1864, a frontier physician named Andrew Taylor Still watched helplessly as 3 of his own children died of bacterial meningitis. There was little he could have done. Louis Pasteur had articulated his"
Should Osteopathic Students Applying to Allopathic Emergency Medicine Programs Take the USMLE Exam?,2014,"M. Weizberg, D. Kass, A. Husain",9,Introduction Board scores are an important aspect of an emergency medicine (EM) residency application. Residency directors use these standardized tests to objectively evaluate an applicant’s potential
Factors Important to Applicants to Osteopathic Versus Allopathic Emergency Medicine Residency Programs,2014,Bruce St Amour,4,Introduction Our objective is to evaluate the factors important to osteopathic applicants when selecting an American College of Osteopathic Emergency Physicians accredited emergency medicine (EM) resi
